index,Components,RMSE,MAE,R^2
0,['0'],7.371824783282024,4.966714356074378,0.03467553970925996
1,"['0', '1']",7.31947309926254,4.848459768624443,0.0483375347566003
2,"['0', '1', '2']",7.305777319840778,4.902864510037292,0.05189559556752865
3,"['0', '1', '2', '3']",7.2826503478695015,4.752345007438153,0.05788868230155775
4,"['0', '1', '2', '3', '4']",7.251814290440016,5.035038932094678,0.06584993094704139
5,"['0', '1', '2', '3', '4', '5']",7.185703744778773,4.913617898088167,0.0828044933077825
6,"['0', '1', '2', '3', '4', '5', '6']",7.058811678166594,4.757180810777769,0.11491191654052102
7,"['0', '1', '2', '3', '4', '5', '6', '7']",7.036499676689615,4.923576215500418,0.12049837413013242
8,"['0', '1', '2', '3', '4', '5', '6', '7', '8']",7.04896227099965,4.488189495588002,0.11738018211507584
9,"['0', '1', '2', '3', '4', '5', '6', '7', '8', '9']",6.937537009990475,4.546565132465077,0.14506336296860156
10,"['0', '1', '2', '3', '4', '5', '6', '7', '8', '9', '10']",6.9270448699529945,4.360182059881127,0.14764737277742435
11,"['0', '1', '2', '3', '4', '5', '6', '7', '8', '9', '10', '11']",6.903806995005622,4.576819371372553,0.15335648582479422
12,"['0', '1', '2', '3', '4', '5', '6', '7', '8', '9', '10', '11', '12']",6.8973466538409385,4.654973202402389,0.1549402632442396
13,"['0', '1', '2', '3', '4', '5', '6', '7', '8', '9', '10', '11', '12', '13']",6.893394964413427,4.6203206615300685,0.15590830419435153
14,"['0', '1', '2', '3', '4', '5', '6', '7', '8', '9', '10', '11', '12', '13', '14']",6.868668892188028,4.416440727722487,0.16195282678025602
15,"['0', '1', '2', '3', '4', '5', '6', '7', '8', '9', '10', '11', '12', '13', '14', '15']",6.862929675784007,4.530528042265738,0.16335272674272094
16,"['0', '1', '2', '3', '4', '5', '6', '7', '8', '9', '10', '11', '12', '13', '14', '15', '16']",6.861042112954027,4.712730439326554,0.16381288215636214
17,"['0', '1', '2', '3', '4', '5', '6', '7', '8', '9', '10', '11', '12', '13', '14', '15', '16', '17']",6.869485961143101,4.596292390940889,0.16175343354527671
18,"['0', '1']",7.332368955759835,4.822999231827912,0.044981196504024656
19,['1'],7.404945041465161,5.026091073875997,0.025982002354021594
20,"['1', '2']",7.377996941904065,5.041353460673033,0.03305840144833572
21,"['1', '2', '3']",7.35078891109676,5.036729125267222,0.04017688295444066
22,"['1', '2', '3', '4']",7.31340704025237,4.975755570044582,0.04991427353405242
23,"['1', '2', '3', '4', '5']",7.268386585984585,4.981250891900062,0.06157549713238131
24,"['1', '2', '3', '4', '5', '6']",7.1315834476048705,4.936350448832066,0.09656847897800236
25,"['1', '2', '3', '4', '5', '6', '7']",7.067005715528525,4.73428675242167,0.11285586105668188
26,"['1', '2', '3', '4', '5', '6', '7', '8']",7.0634634940410965,4.572241619088832,0.11374497126945815
27,"['1', '2', '3', '4', '5', '6', '7', '8', '9']",6.956281054310828,4.669249586588815,0.14043733544222137
28,"['1', '2', '3', '4', '5', '6', '7', '8', '9', '10']",6.9540822078182725,4.468563717795276,0.14098065668474347
29,"['1', '2', '3', '4', '5', '6', '7', '8', '9', '10', '11']",6.979590575281306,4.805837958414406,0.13466713648121276
30,"['1', '2', '3', '4', '5', '6', '7', '8', '9', '10', '11', '12']",6.9238704195985985,4.4762052444312985,0.14842840745219077
31,"['1', '2', '3', '4', '5', '6', '7', '8', '9', '10', '11', '12', '13']",6.929419615763375,4.809556494772458,0.14706286153911086
32,"['1', '2', '3', '4', '5', '6', '7', '8', '9', '10', '11', '12', '13', '14']",6.950096887876068,4.7859989256687285,0.14196496657318713
33,"['1', '2', '3', '4', '5', '6', '7', '8', '9', '10', '11', '12', '13', '14', '15']",6.917384350811893,4.503620799649721,0.15002311230321363
34,"['1', '2', '3', '4', '5', '6', '7', '8', '9', '10', '11', '12', '13', '14', '15', '16']",6.931767740232871,4.278833000196133,0.1464847057873282
35,"['1', '2', '3', '4', '5', '6', '7', '8', '9', '10', '11', '12', '13', '14', '15', '16', '17']",6.884255691317637,4.637793543218684,0.15814501649490242
36,"['0', '1', '2']",7.305991802224904,5.016959489706289,0.051839926014748294
37,"['1', '2']",7.380955196161436,5.063456966803513,0.032282843371366665
38,['2'],7.4980745522312935,5.049432165397742,0.0013281439987710142
39,"['2', '3']",7.458292211712449,5.04303248182265,0.011897286160464704
40,"['2', '3', '4']",7.415930757517414,5.08085236309801,0.02308982087925404
41,"['2', '3', '4', '5']",7.367263593391039,5.059693688218238,0.03586972599289939
42,"['2', '3', '4', '5', '6']",7.2418449003232155,4.806849632930671,0.0684166003792438
43,"['2', '3', '4', '5', '6', '7']",7.070502083040464,4.676694514627431,0.11197782320963923
44,"['2', '3', '4', '5', '6', '7', '8']",7.168232605981124,5.111602009023651,0.08725916326043703
45,"['2', '3', '4', '5', '6', '7', '8', '9']",6.986523012204227,4.5896094011305095,0.13294730933728038
46,"['2', '3', '4', '5', '6', '7', '8', '9', '10']",7.025901622302439,5.021416189738474,0.12314570932682323
47,"['2', '3', '4', '5', '6', '7', '8', '9', '10', '11']",6.943021519673713,4.761689912312729,0.14371107852550224
48,"['2', '3', '4', '5', '6', '7', '8', '9', '10', '11', '12']",6.9310117731600265,4.777845590605988,0.14667086155565345
49,"['2', '3', '4', '5', '6', '7', '8', '9', '10', '11', '12', '13']",6.898624559870002,4.522280695138344,0.1546270973192514
50,"['2', '3', '4', '5', '6', '7', '8', '9', '10', '11', '12', '13', '14']",6.925009788260594,4.53942154728586,0.14814812091935714
51,"['2', '3', '4', '5', '6', '7', '8', '9', '10', '11', '12', '13', '14', '15']",6.923238967698785,4.666747622354309,0.14858372577770096
52,"['2', '3', '4', '5', '6', '7', '8', '9', '10', '11', '12', '13', '14', '15', '16']",6.908573797245974,4.349986094454844,0.15218693532140937
53,"['2', '3', '4', '5', '6', '7', '8', '9', '10', '11', '12', '13', '14', '15', '16', '17']",6.885738446925187,4.5186821987227965,0.15778233396786578
54,"['0', '1', '2', '3']",7.27170868043468,4.828413204453649,0.060717467018717386
55,"['1', '2', '3']",7.362466419065301,4.817630665509803,0.03712489899637439
56,"['2', '3']",7.451585517024021,5.04892165177379,0.013673543644269204
57,['3'],7.466430095662218,5.113652384402383,0.009739834597397135
58,"['3', '4']",7.446680428108808,5.026321891821162,0.014971636947217148
59,"['3', '4', '5']",7.403670873476952,5.071799112808996,0.02631717183086424
60,"['3', '4', '5', '6']",7.3086770424929375,4.802642863624054,0.05114282545269366
61,"['3', '4', '5', '6', '7']",7.170946302275353,4.848980303339877,0.08656795514655313
62,"['3', '4', '5', '6', '7', '8']",7.139685094068598,4.908065926493548,0.09451467415892534
63,"['3', '4', '5', '6', '7', '8', '9']",7.036720342325394,4.690204193953701,0.12044321067174246
64,"['3', '4', '5', '6', '7', '8', '9', '10']",6.986583828542306,4.665841184087454,0.13293221421801082
65,"['3', '4', '5', '6', '7', '8', '9', '10', '11']",6.991561521558257,4.582439597637358,0.13169626404120505
66,"['3', '4', '5', '6', '7', '8', '9', '10', '11', '12']",6.987650519889517,4.417082909668058,0.13266743121897095
67,"['3', '4', '5', '6', '7', '8', '9', '10', '11', '12', '13']",6.958021445271513,4.413543504262564,0.1400071739180525
68,"['3', '4', '5', '6', '7', '8', '9', '10', '11', '12', '13', '14']",6.965271710453243,4.7906136405230875,0.13821401342772321
69,"['3', '4', '5', '6', '7', '8', '9', '10', '11', '12', '13', '14', '15']",6.903521454194681,4.5847323477986635,0.1534265185694479
70,"['3', '4', '5', '6', '7', '8', '9', '10', '11', '12', '13', '14', '15', '16']",6.9060310881996205,4.420111450093149,0.1528108977485898
71,"['3', '4', '5', '6', '7', '8', '9', '10', '11', '12', '13', '14', '15', '16', '17']",6.8853463805637745,4.385583506433426,0.15787824112949367
72,"['0', '1', '2', '3', '4']",7.265849494331638,4.714952312415573,0.062230512771350166
73,"['1', '2', '3', '4']",7.3240583218267234,5.100095590807377,0.047144839349348766
74,"['2', '3', '4']",7.4261877226480095,4.941932194729905,0.02038562544152145
75,"['3', '4']",7.451264694483913,5.0750392124846915,0.013758472937887567
76,['4'],7.5059643472166435,5.163818088042724,-0.0007746522920517585
77,"['4', '5']",7.483968137592014,5.120845286684952,0.005082288438431615
78,"['4', '5', '6']",7.4062333812215515,5.010445925216886,0.025643046354778765
79,"['4', '5', '6', '7']",7.259233221017723,4.840878555117363,0.06393759858836934
80,"['4', '5', '6', '7', '8']",7.215470200650894,4.751669259346696,0.07518987169279168
81,"['4', '5', '6', '7', '8', '9']",7.123924129523058,4.839450287375341,0.09850800715550401
82,"['4', '5', '6', '7', '8', '9', '10']",7.088752323747453,4.70507646163871,0.10738761606701219
83,"['4', '5', '6', '7', '8', '9', '10', '11']",7.04680840234946,4.851707239954321,0.1179194832610806
84,"['4', '5', '6', '7', '8', '9', '10', '11', '12']",7.005183333648088,4.585248260795341,0.12830949771132794
85,"['4', '5', '6', '7', '8', '9', '10', '11', '12', '13']",7.040299313966835,4.469782889527535,0.11954827405710577
86,"['4', '5', '6', '7', '8', '9', '10', '11', '12', '13', '14']",6.977772438326453,4.760298722230784,0.13511790468148888
87,"['4', '5', '6', '7', '8', '9', '10', '11', '12', '13', '14', '15']",6.951434523251457,4.601376395360381,0.1416346550736466
88,"['4', '5', '6', '7', '8', '9', '10', '11', '12', '13', '14', '15', '16']",6.942185523474255,4.591068587017839,0.1439172743970334
89,"['4', '5', '6', '7', '8', '9', '10', '11', '12', '13', '14', '15', '16', '17']",6.9198743988001885,4.688814573005071,0.14941107050627112
90,"['0', '1', '2', '3', '4', '5']",7.185814635772598,4.9214360799404755,0.08277618445741097
91,"['1', '2', '3', '4', '5']",7.263584904737669,4.945039558140582,0.06281498182118961
92,"['2', '3', '4', '5']",7.394925153015818,4.8266721321369035,0.028616174150082774
93,"['3', '4', '5']",7.41873988288004,5.11468406099155,0.022349581249472616
94,"['4', '5']",7.482615998921671,5.194087780674998,0.0054417622259468335
95,['5'],7.490604822808366,5.088743017008676,0.0033169459747037777
96,"['5', '6']",7.4555817533340525,5.1157428809259615,0.012615339181664686
97,"['5', '6', '7']",7.378692753947746,5.062898481897596,0.03287601011878338
98,"['5', '6', '7', '8']",7.357650331453104,5.1043076077329514,0.0383841982209141
99,"['5', '6', '7', '8', '9']",7.264508735345388,4.832369903398631,0.06257657192433164
100,"['5', '6', '7', '8', '9', '10']",7.261070678947653,4.915784736795671,0.0634636661742487
101,"['5', '6', '7', '8', '9', '10', '11']",7.141896181715658,4.682100875541994,0.09395374817737245
102,"['5', '6', '7', '8', '9', '10', '11', '12']",7.130439270839394,4.837004503554432,0.09685834516044467
103,"['5', '6', '7', '8', '9', '10', '11', '12', '13']",7.08126161295623,4.743178360337614,0.10927307296884525
104,"['5', '6', '7', '8', '9', '10', '11', '12', '13', '14']",7.078810788089181,4.777133848739014,0.1098895275078563
105,"['5', '6', '7', '8', '9', '10', '11', '12', '13', '14', '15']",7.062238398110572,4.662586125352217,0.11405237096744636
106,"['5', '6', '7', '8', '9', '10', '11', '12', '13', '14', '15', '16']",6.999596010366827,4.589175359866786,0.12969946113905362
107,"['5', '6', '7', '8', '9', '10', '11', '12', '13', '14', '15', '16', '17']",7.02441925777112,4.797016261708893,0.12351567766627514
108,"['0', '1', '2', '3', '4', '5', '6']",7.101149701741331,4.54124629150838,0.10426274183810957
109,"['1', '2', '3', '4', '5', '6']",7.149080669967928,4.819264647912081,0.09212993202655928
110,"['2', '3', '4', '5', '6']",7.2576152445469875,4.727990581990374,0.06435482120999125
111,"['3', '4', '5', '6']",7.288765583029546,4.979495621988519,0.05630583791655808
112,"['4', '5', '6']",7.412718325708703,5.077160797242961,0.02393599318623041
113,"['5', '6']",7.484147478211241,4.914149779043008,0.005034604831802625
114,['6'],7.488136029684133,5.1105582663658184,0.003973821845086434
115,"['6', '7']",7.414587823700051,5.053996304832203,0.023443601671485292
116,"['6', '7', '8']",7.389381419698019,5.187052590409375,0.03007205754428144
117,"['6', '7', '8', '9']",7.299672728389246,4.976018499693777,0.05347937555327942
118,"['6', '7', '8', '9', '10']",7.286981161529281,4.949348256747515,0.05676784811646085
119,"['6', '7', '8', '9', '10', '11']",7.182362182995104,4.941510099594484,0.0836573402762194
120,"['6', '7', '8', '9', '10', '11', '12']",7.227294898977166,5.142111503232288,0.07215623394155757
121,"['6', '7', '8', '9', '10', '11', '12', '13']",7.141001986128687,4.977672584943107,0.0941806156143159
122,"['6', '7', '8', '9', '10', '11', '12', '13', '14']",7.099996807205537,4.740775373500086,0.10455356988807052
123,"['6', '7', '8', '9', '10', '11', '12', '13', '14', '15']",7.137978458116877,4.787664117560703,0.09494750812734287
124,"['6', '7', '8', '9', '10', '11', '12', '13', '14', '15', '16']",7.031758719618127,4.805293794721797,0.12168313216299342
125,"['6', '7', '8', '9', '10', '11', '12', '13', '14', '15', '16', '17']",7.03629262391505,4.809531176280361,0.12055013298211703
126,"['0', '1', '2', '3', '4', '5', '6', '7']",7.008122364472182,4.662790619369076,0.12757790724117302
127,"['1', '2', '3', '4', '5', '6', '7']",7.074493454053576,4.684479739036006,0.11097494495114268
128,"['2', '3', '4', '5', '6', '7']",7.1184645905956065,4.929092457383638,0.09988922475771278
129,"['3', '4', '5', '6', '7']",7.159165573428811,4.770467836007941,0.08956673817010208
130,"['4', '5', '6', '7']",7.24669366142756,4.961397636871898,0.06716870358005689
131,"['5', '6', '7']",7.375706488966625,4.995902143572677,0.03365867018441371
132,"['6', '7']",7.413352911066984,5.02372053830571,0.023768868951161592
133,['7'],7.468533954637987,4.961641749996524,0.009181693362056764
134,"['7', '8']",7.4306754565954956,5.107134910231469,0.019201282356970606
135,"['7', '8', '9']",7.367394096832782,5.065131249755736,0.03583556855252623
136,"['7', '8', '9', '10']",7.335309227362728,5.09061190297974,0.04421512003121286
137,"['7', '8', '9', '10', '11']",7.291128402675489,5.073062926862432,0.05569389876241426
138,"['7', '8', '9', '10', '11', '12']",7.2392389529194,4.869500972472148,0.06908693247940634
139,"['7', '8', '9', '10', '11', '12', '13']",7.2094541297303305,4.819700666231787,0.07673139392809403
140,"['7', '8', '9', '10', '11', '12', '13', '14']",7.203341508346614,4.749539733891701,0.0782963387435659
141,"['7', '8', '9', '10', '11', '12', '13', '14', '15']",7.17018444427925,4.804740811864993,0.08676203512167124
142,"['7', '8', '9', '10', '11', '12', '13', '14', '15', '16']",7.122530500203253,4.916590814755962,0.09886068434931394
143,"['7', '8', '9', '10', '11', '12', '13', '14', '15', '16', '17']",7.107352412337108,4.662079663373449,0.10269724167488337
144,"['0', '1', '2', '3', '4', '5', '6', '7', '8']",6.98295400882769,4.7635094645988705,0.13383293544133312
145,"['1', '2', '3', '4', '5', '6', '7', '8']",7.102663651386295,4.802866828332684,0.10388076266013413
146,"['2', '3', '4', '5', '6', '7', '8']",7.099403700518841,4.7676684051219835,0.10470316800673485
147,"['3', '4', '5', '6', '7', '8']",7.186076529139613,5.065959484975866,0.08270932517340335
148,"['4', '5', '6', '7', '8']",7.211569105976923,4.889310114856269,0.07618961155230664
149,"['5', '6', '7', '8']",7.34538067376839,5.0438446406659585,0.04158871553162702
150,"['6', '7', '8']",7.392963036085353,5.0486849213006195,0.02913158593672116
151,"['7', '8']",7.436390746593144,5.187573571900305,0.017691943163740897
152,['8'],7.490299986170541,4.98279542210853,0.0033980660807919616
153,"['8', '9']",7.436325866787242,5.03034522504404,0.017709083650360058
154,"['8', '9', '10']",7.39409360592949,5.0091092592387545,0.028834622872206617
155,"['8', '9', '10', '11']",7.351418321224828,5.01114904613131,0.04001250651477695
156,"['8', '9', '10', '11', '12']",7.317016319670146,4.8366464353143614,0.048976278150549724
157,"['8', '9', '10', '11', '12', '13']",7.246076668485904,4.871607105574805,0.06732754176226341
158,"['8', '9', '10', '11', '12', '13', '14']",7.247724198766894,4.954081977566875,0.0669033726910574
159,"['8', '9', '10', '11', '12', '13', '14', '15']",7.235911088254675,4.834781282169837,0.06994261376356636
160,"['8', '9', '10', '11', '12', '13', '14', '15', '16']",7.207223332618601,5.027828758484603,0.0773026733207679
161,"['8', '9', '10', '11', '12', '13', '14', '15', '16', '17']",7.186858018746326,4.7870322882463165,0.0825098026370421
162,"['0', '1', '2', '3', '4', '5', '6', '7', '8', '9']",6.925113832990469,4.630034349387429,0.14812252344955468
163,"['1', '2', '3', '4', '5', '6', '7', '8', '9']",6.932455552951555,4.68687935925076,0.1463153152876051
164,"['2', '3', '4', '5', '6', '7', '8', '9']",6.991302465165656,4.507607871219281,0.1317606088847747
165,"['3', '4', '5', '6', '7', '8', '9']",7.025539255057561,4.7818199364492715,0.12323615610407768
166,"['4', '5', '6', '7', '8', '9']",7.100204154499839,4.907249038371843,0.10450126814466565
167,"['5', '6', '7', '8', '9']",7.261973788344385,4.886857201358475,0.06323068473128535
168,"['6', '7', '8', '9']",7.29676064464732,5.048902677917713,0.05423442242313037
169,"['7', '8', '9']",7.3716099542318805,5.154703860164674,0.03473180168543577
170,"['8', '9']",7.441901797741627,5.227009107417066,0.01623544199290572
171,['9'],7.464755537451367,5.186145247965081,0.010183972509373751
172,"['9', '10']",7.433492473778391,5.098111483256783,0.018457487104861392
173,"['9', '10', '11']",7.382901349120151,5.1502766810376155,0.0317724558001512
174,"['9', '10', '11', '12']",7.3374756271966435,5.075203836455727,0.043650476358568446
175,"['9', '10', '11', '12', '13']",7.290145064756658,4.882442528378564,0.05594859442208533
176,"['9', '10', '11', '12', '13', '14']",7.279229948869695,4.827443251117468,0.0587734261057955
177,"['9', '10', '11', '12', '13', '14', '15']",7.247952032144392,5.029100431333894,0.06684470768347417
178,"['9', '10', '11', '12', '13', '14', '15', '16']",7.221556831165256,5.033767044410293,0.07362896116017281
179,"['9', '10', '11', '12', '13', '14', '15', '16', '17']",7.182353356892519,4.7692481743808095,0.08365959238468801
180,"['0', '1', '2', '3', '4', '5', '6', '7', '8', '9', '10']",6.892522248694492,4.504549527236434,0.15612201760095046
181,"['1', '2', '3', '4', '5', '6', '7', '8', '9', '10']",6.963552389711926,4.66342956657758,0.13863941065894014
182,"['2', '3', '4', '5', '6', '7', '8', '9', '10']",7.00120392402749,4.509881434024539,0.1292995726736864
183,"['3', '4', '5', '6', '7', '8', '9', '10']",7.0779421969526535,4.912892007763603,0.11010795251077443
184,"['4', '5', '6', '7', '8', '9', '10']",7.10641316194063,4.854356085349955,0.10293438660152554
185,"['5', '6', '7', '8', '9', '10']",7.253942666021649,4.9101816985991364,0.06530151261084471
186,"['6', '7', '8', '9', '10']",7.298148925637567,4.806010625847495,0.0538745056488108
187,"['7', '8', '9', '10']",7.339622839532476,4.928511195695182,0.043090669127535786
188,"['8', '9', '10']",7.398706242137232,4.982808936646553,0.027622566309432273
189,"['9', '10']",7.437065707491427,5.168101819238219,0.017513617510780177
190,['10'],7.497434885268471,5.284520326183268,0.001498531780197765
191,"['10', '11']",7.400426153751703,4.980703685272082,0.02717043384965101
192,"['10', '11', '12']",7.386659840299021,4.873722116690145,0.030786393328804396
193,"['10', '11', '12', '13']",7.331410076088088,5.054858068056443,0.045230962505853456
194,"['10', '11', '12', '13', '14']",7.311892197095713,4.971932521545581,0.05030781974238496
195,"['10', '11', '12', '13', '14', '15']",7.288731153815763,4.907421163299619,0.05631475316316492
196,"['10', '11', '12', '13', '14', '15', '16']",7.240120305114105,4.937577199045969,0.06886024781691857
197,"['10', '11', '12', '13', '14', '15', '16', '17']",7.207406048234502,4.820672491875728,0.07725588877154732
198,"['0', '1', '2', '3', '4', '5', '6', '7', '8', '9', '10', '11']",6.90067326866541,4.512948604818964,0.15412491603551692
199,"['1', '2', '3', '4', '5', '6', '7', '8', '9', '10', '11']",6.928319176395421,4.482561782689225,0.14733374456513315
200,"['2', '3', '4', '5', '6', '7', '8', '9', '10', '11']",6.978904588504924,4.569575967591056,0.1348372260370142
201,"['3', '4', '5', '6', '7', '8', '9', '10', '11']",6.999030201531129,4.795569343271004,0.12984015606814903
202,"['4', '5', '6', '7', '8', '9', '10', '11']",7.064954904516496,4.570066049683624,0.1133706762576745
203,"['5', '6', '7', '8', '9', '10', '11']",7.153247624653369,4.940238988532696,0.09107129075100051
204,"['6', '7', '8', '9', '10', '11']",7.202415946819984,4.742253764759335,0.0785331840020026
205,"['7', '8', '9', '10', '11']",7.271291109297162,4.86533988351641,0.06082533878080987
206,"['8', '9', '10', '11']",7.375709892130571,5.24278384675233,0.033657778441029795
207,"['9', '10', '11']",7.387407327764309,5.146723997481459,0.030590225725533715
208,"['10', '11']",7.399723543861706,5.034723167484381,0.027355149489793784
209,['11'],7.427304872122937,5.1026212271707685,0.02009086908992397
210,"['11', '12']",7.391433533035339,5.064577677806766,0.02953326320351768
211,"['11', '12', '13']",7.362962775353605,5.046428407411839,0.036995066085952155
212,"['11', '12', '13', '14']",7.335932959044242,4.912191823557155,0.044052569649832174
213,"['11', '12', '13', '14', '15']",7.31576550674395,5.041608912831154,0.049301397307851325
214,"['11', '12', '13', '14', '15', '16']",7.250998479106501,4.970882872277591,0.06606009831106241
215,"['11', '12', '13', '14', '15', '16', '17']",7.2276496829365025,4.815504901827414,0.07206513701821271
216,"['0', '1', '2', '3', '4', '5', '6', '7', '8', '9', '10', '11', '12']",6.907388513412166,4.437811719828729,0.15247782398970466
217,"['1', '2', '3', '4', '5', '6', '7', '8', '9', '10', '11', '12']",6.936042614111365,4.4627944010648335,0.14543164242622264
218,"['2', '3', '4', '5', '6', '7', '8', '9', '10', '11', '12']",6.94565157943434,4.5786273699402535,0.14306222050813666
219,"['3', '4', '5', '6', '7', '8', '9', '10', '11', '12']",6.949412264109275,4.533303295444617,0.1421340008337043
220,"['4', '5', '6', '7', '8', '9', '10', '11', '12']",7.0116404247409605,4.570359408060623,0.12670177988028253
221,"['5', '6', '7', '8', '9', '10', '11', '12']",7.129721142062279,4.686730031434504,0.09704025242524639
222,"['6', '7', '8', '9', '10', '11', '12']",7.192593887271904,5.0040158213650505,0.08104471088561727
223,"['7', '8', '9', '10', '11', '12']",7.241775294346952,4.88352639062153,0.06843450837403431
224,"['8', '9', '10', '11', '12']",7.317616264881331,4.927503438109716,0.04882031689699695
225,"['9', '10', '11', '12']",7.3483002023598,4.975072428170239,0.040826695060187435
226,"['10', '11', '12']",7.369772118882364,5.0173378091144505,0.03521304876357734
227,"['11', '12']",7.428658109526173,5.310080351200194,0.019733762302976743
228,['12'],7.4701787968231566,5.003014022136791,0.008745217014112017
229,"['12', '13']",7.42715097406664,5.054034758194576,0.020131477238046647
230,"['12', '13', '14']",7.39938061617534,5.098181639056306,0.02744529856561584
231,"['12', '13', '14', '15']",7.3600825510345524,5.041703757064295,0.03774833017709067
232,"['12', '13', '14', '15', '16']",7.336738769635448,5.254743494936384,0.04384254731850934
233,"['12', '13', '14', '15', '16', '17']",7.247653405424962,4.9486852859246975,0.06692160095255584
234,"['0', '1', '2', '3', '4', '5', '6', '7', '8', '9', '10', '11', '12', '13']",6.875881909060234,4.378795352272594,0.1601917803699826
235,"['1', '2', '3', '4', '5', '6', '7', '8', '9', '10', '11', '12', '13']",6.915958038986357,4.555605352165826,0.15037359365225222
236,"['2', '3', '4', '5', '6', '7', '8', '9', '10', '11', '12', '13']",6.968944816070633,4.7162960239277165,0.1373048556179548
237,"['3', '4', '5', '6', '7', '8', '9', '10', '11', '12', '13']",6.937412443780775,4.4979821731872445,0.1450940641411257
238,"['4', '5', '6', '7', '8', '9', '10', '11', '12', '13']",6.990740039211455,4.817382040627421,0.13190029694107575
239,"['5', '6', '7', '8', '9', '10', '11', '12', '13']",7.085450993349298,4.712055866444972,0.10821882643450731
240,"['6', '7', '8', '9', '10', '11', '12', '13']",7.120760776554711,4.700399372999163,0.09930843797643663
241,"['7', '8', '9', '10', '11', '12', '13']",7.200749864855941,4.861538863525352,0.07895944699101254
242,"['8', '9', '10', '11', '12', '13']",7.242786600986762,4.906833774718419,0.06817430583795725
243,"['9', '10', '11', '12', '13']",7.291591893234867,5.029372738765653,0.05557383754547185
244,"['10', '11', '12', '13']",7.339241194828166,5.112115094242555,0.043190181021217966
245,"['11', '12', '13']",7.358177557615584,4.937145067877061,0.0382463805343608
246,"['12', '13']",7.430930962974503,5.149173321265808,0.019133830982237865
247,['13'],7.48595028757193,5.039642459019236,0.0045552051476751565
248,"['13', '14']",7.452534475492721,5.006144194938344,0.013422310550272876
249,"['13', '14', '15']",7.425278625401394,5.026329182016291,0.020625455150504513
250,"['13', '14', '15', '16']",7.361688590084725,5.063555914963788,0.037328339678614264
251,"['13', '14', '15', '16', '17']",7.289755737695803,4.859679462909496,0.05604942504794541
252,"['0', '1', '2', '3', '4', '5', '6', '7', '8', '9', '10', '11', '12', '13', '14']",6.870187768994627,4.466446774376567,0.16158214909230928
253,"['1', '2', '3', '4', '5', '6', '7', '8', '9', '10', '11', '12', '13', '14']",6.926569274414447,4.5832332642939155,0.14776441004174345
254,"['2', '3', '4', '5', '6', '7', '8', '9', '10', '11', '12', '13', '14']",6.937099382810511,4.722743770514282,0.14517122018313988
255,"['3', '4', '5', '6', '7', '8', '9', '10', '11', '12', '13', '14']",6.940765690638058,4.516837683177398,0.144267414871458
256,"['4', '5', '6', '7', '8', '9', '10', '11', '12', '13', '14']",6.973560306291896,4.5525549151899485,0.1361617616041182
257,"['5', '6', '7', '8', '9', '10', '11', '12', '13', '14']",7.043635667637248,4.706120029142345,0.11871359523239744
258,"['6', '7', '8', '9', '10', '11', '12', '13', '14']",7.157701300868396,4.942404562072004,0.08993912405702231
259,"['7', '8', '9', '10', '11', '12', '13', '14']",7.191286039374133,5.005656749548783,0.0813788725229252
260,"['8', '9', '10', '11', '12', '13', '14']",7.252699887050296,4.907042048521456,0.06562175890194366
261,"['9', '10', '11', '12', '13', '14']",7.271917684225481,5.05472099214311,0.060663472437833654
262,"['10', '11', '12', '13', '14']",7.319049131772339,5.107867439396763,0.04844777828265168
263,"['11', '12', '13', '14']",7.347122138770772,5.095894560732278,0.04113421558549479
264,"['12', '13', '14']",7.395016369456415,4.952816796026106,0.028592209953098413
265,"['13', '14']",7.454151580981589,5.129123486543315,0.012994114399592305
266,['14'],7.482707860587416,5.109961059914136,0.005417342333966291
267,"['14', '15']",7.4463905882807095,5.127208369422052,0.015048314037915178
268,"['14', '15', '16']",7.393403661516283,5.022346934158483,0.02901585370338089
269,"['14', '15', '16', '17']",7.32391113164622,4.898053773320789,0.047183137655459895
270,"['0', '1', '2', '3', '4', '5', '6', '7', '8', '9', '10', '11', '12', '13', '14', '15']",6.8770503113959265,4.387412062236544,0.15990634287477723
271,"['1', '2', '3', '4', '5', '6', '7', '8', '9', '10', '11', '12', '13', '14', '15']",6.934595242958742,4.495728116369366,0.14578825746031665
272,"['2', '3', '4', '5', '6', '7', '8', '9', '10', '11', '12', '13', '14', '15']",6.927171555947114,4.542518693558445,0.14761619580965257
273,"['3', '4', '5', '6', '7', '8', '9', '10', '11', '12', '13', '14', '15']",6.906735135172198,4.490094749041682,0.1526381527033882
274,"['4', '5', '6', '7', '8', '9', '10', '11', '12', '13', '14', '15']",6.960036430512906,4.53267973307369,0.13950900823153167
275,"['5', '6', '7', '8', '9', '10', '11', '12', '13', '14', '15']",7.074709351567703,4.640603750126082,0.11092068206168249
276,"['6', '7', '8', '9', '10', '11', '12', '13', '14', '15']",7.106248631519063,4.793850096573259,0.10297592453961024
277,"['7', '8', '9', '10', '11', '12', '13', '14', '15']",7.179741396079725,4.894165095677961,0.08432595058580972
278,"['8', '9', '10', '11', '12', '13', '14', '15']",7.230544269418864,4.94607269801133,0.07132173475562797
279,"['9', '10', '11', '12', '13', '14', '15']",7.260349331104575,4.961107116345231,0.06364973650387762
280,"['10', '11', '12', '13', '14', '15']",7.286005791811645,5.071169368671368,0.05702033635151749
281,"['11', '12', '13', '14', '15']",7.3164440778952695,4.926285715495163,0.04912502572689481
282,"['12', '13', '14', '15']",7.400679415203425,4.875912733785457,0.02710384729396853
283,"['13', '14', '15']",7.429729654105395,4.9140243501334275,0.01945094548331583
284,"['14', '15']",7.4477489802007435,5.011332206111356,0.014688925839741462
285,['15'],7.468131293231419,5.179223198716941,0.009288529199041662
286,"['15', '16']",7.404475249165975,5.00996781747751,0.026105587778807338
287,"['15', '16', '17']",7.334835074765795,4.9750923397104545,0.04433867944007286
288,"['0', '1', '2', '3', '4', '5', '6', '7', '8', '9', '10', '11', '12', '13', '14', '15', '16']",6.859040677974309,4.34939066434455,0.16430065938334582
289,"['1', '2', '3', '4', '5', '6', '7', '8', '9', '10', '11', '12', '13', '14', '15', '16']",6.868202589445079,4.630008212319922,0.16206661023288493
290,"['2', '3', '4', '5', '6', '7', '8', '9', '10', '11', '12', '13', '14', '15', '16']",6.8973413311078255,4.773002408231508,0.15494156752135757
291,"['3', '4', '5', '6', '7', '8', '9', '10', '11', '12', '13', '14', '15', '16']",6.9088325470523015,4.708394290474267,0.1521234271123828
292,"['4', '5', '6', '7', '8', '9', '10', '11', '12', '13', '14', '15', '16']",6.9529838768698555,4.483372223967609,0.1412519830782002
293,"['5', '6', '7', '8', '9', '10', '11', '12', '13', '14', '15', '16']",6.9887853068721375,4.606895054349072,0.13238570057848453
294,"['6', '7', '8', '9', '10', '11', '12', '13', '14', '15', '16']",7.010997542539369,4.76744121676434,0.12686191420273285
295,"['7', '8', '9', '10', '11', '12', '13', '14', '15', '16']",7.111672436297925,4.799580416011609,0.10160610470360432
296,"['8', '9', '10', '11', '12', '13', '14', '15', '16']",7.178682560346884,4.826678205833914,0.08459600959138369
297,"['9', '10', '11', '12', '13', '14', '15', '16']",7.230405320205737,4.716518805958805,0.07135742719302263
298,"['10', '11', '12', '13', '14', '15', '16']",7.227403052194981,4.934179229638796,0.07212846420442287
299,"['11', '12', '13', '14', '15', '16']",7.2768644381026,5.152180454551401,0.05938506218371753
300,"['12', '13', '14', '15', '16']",7.312869350532684,4.888681523779333,0.05005397109114307
301,"['13', '14', '15', '16']",7.38276945275296,5.029704702762398,0.03180705048018728
302,"['14', '15', '16']",7.405974353440186,4.944058681353385,0.025711200055443473
303,"['15', '16']",7.414213587222063,4.961733082207842,0.023542178642383615
304,['16'],7.449250314885481,5.05663108079009,0.014291643172626878
305,"['16', '17']",7.374753859009624,4.9296522548961415,0.033908275087138895
306,"['0', '1', '2', '3', '4', '5', '6', '7', '8', '9', '10', '11', '12', '13', '14', '15', '16', '17']",6.843342612463435,4.602600606627018,0.16812155832591746
307,"['1', '2', '3', '4', '5', '6', '7', '8', '9', '10', '11', '12', '13', '14', '15', '16', '17']",6.883371763411524,4.515133190750197,0.15836118840164815
308,"['2', '3', '4', '5', '6', '7', '8', '9', '10', '11', '12', '13', '14', '15', '16', '17']",6.878974268252219,4.540025217862672,0.15943621979268197
309,"['3', '4', '5', '6', '7', '8', '9', '10', '11', '12', '13', '14', '15', '16', '17']",6.897323405908138,4.640767682606195,0.1549459598866877
310,"['4', '5', '6', '7', '8', '9', '10', '11', '12', '13', '14', '15', '16', '17']",6.960647455275581,4.325674706903002,0.13935791580879264
311,"['5', '6', '7', '8', '9', '10', '11', '12', '13', '14', '15', '16', '17']",7.042180972270095,4.512010260805137,0.11907757512204575
312,"['6', '7', '8', '9', '10', '11', '12', '13', '14', '15', '16', '17']",7.043928733001433,4.730657296318297,0.11864025813593726
313,"['7', '8', '9', '10', '11', '12', '13', '14', '15', '16', '17']",7.1054779699105906,4.82900784819739,0.10317047572051097
314,"['8', '9', '10', '11', '12', '13', '14', '15', '16', '17']",7.192513940539044,4.781707532351859,0.08106513941692595
315,"['9', '10', '11', '12', '13', '14', '15', '16', '17']",7.207757595016459,4.837635344471877,0.07716587146661635
316,"['10', '11', '12', '13', '14', '15', '16', '17']",7.193780782082619,4.818853699795374,0.0807414007660967
317,"['11', '12', '13', '14', '15', '16', '17']",7.232401161776025,4.897806147330397,0.07084468159354496
318,"['12', '13', '14', '15', '16', '17']",7.251248722875224,5.021936913878868,0.06599563362407213
319,"['13', '14', '15', '16', '17']",7.290131246396451,5.0209779619849355,0.055952173289143814
320,"['14', '15', '16', '17']",7.315611710447356,4.9203540874022185,0.0493413691706015
321,"['15', '16', '17']",7.355553705399568,5.173418859268586,0.03893216160410973
322,"['16', '17']",7.379007892445352,5.1823021382590015,0.032793398057337164
323,['17'],7.466423213506357,4.922498436726033,0.009741660134252705
